{
  "seuil_optimal": 0.5,
  "moyenne_mes_images": 0.5009871125221252,
  "moyenne_autres": 0.49838995933532715,
  "std_mes_images": 0.00029162122518755496,
  "std_autres": 0.00034866761416196823,
  "f1_score": 1.0
}